,Player,PTS.1,TRB.1,AST.1,FG%,3P%,FT%,WS,BPM
0,Anthony Davis,23.8,10.2,2.3,0.515,0.303,0.794,91.1,6.0
1,Michael Kidd-Gilchrist,8.4,5.4,1.2,0.474,0.272,0.715,21.0,-1.8
2,Bradley Beal,22.1,4.1,4.2,0.456,0.372,0.821,48.9,1.7
3,Dion Waiters,13.1,2.6,2.8,0.412,0.346,0.694,8.8,-2.1
4,Damian Lillard,24.6,4.2,6.6,0.437,0.373,0.893,94.2,4.7
5,Harrison Barnes,14.2,5.1,1.8,0.453,0.38,0.805,44.6,-0.8
6,Terrence Ross,11.2,2.8,1.3,0.417,0.362,0.839,23.4,-0.9
7,Andre Drummond,13.9,13.3,1.4,0.539,0.132,0.472,66.8,1.3
8,Austin Rivers,8.8,2.1,2.2,0.418,0.35,0.648,13.9,-3.0
9,Meyers Leonard,5.6,3.9,0.9,0.482,0.39,0.809,15.5,-1.4
10,Jeremy Lamb,10.2,3.6,1.6,0.439,0.343,0.856,26.7,0.7
11,Kendall Marshall,5.0,1.6,4.9,0.399,0.37,0.611,1.0,-3.5
12,John Henson,7.6,5.3,1.1,0.54,0.25,0.568,20.7,-0.5
13,Maurice Harkless,6.9,3.5,0.9,0.474,0.32,0.624,23.0,-0.8
14,Tyler Zeller,6.9,4.4,0.9,0.508,0.286,0.764,17.1,-2.0
15,Terrence Jones,10.4,5.7,1.0,0.501,0.297,0.621,14.7,0.5
16,Andrew Nicholson,6.0,3.0,0.4,0.467,0.321,0.773,3.8,-3.6
17,Evan Fournier,14.3,2.7,2.6,0.446,0.382,0.798,30.1,-0.9
18,Jared Sullinger,10.8,7.5,1.8,0.436,0.272,0.723,15.3,-0.4
19,John Jenkins,5.0,1.5,0.8,0.441,0.367,0.847,3.0,-1.9
20,Tony Wroten,11.1,2.5,3.0,0.413,0.231,0.647,-1.3,-3.4
21,Jeff Taylor,6.1,2.0,0.8,0.409,0.319,0.665,1.3,-4.2
22,Tomáš Satoranský,6.9,2.9,4.0,0.468,0.356,0.822,17.4,-0.9
23,Jae Crowder,9.6,4.3,1.6,0.418,0.346,0.777,39.8,0.3
24,Draymond Green,8.7,6.9,5.4,0.44,0.314,0.71,52.0,2.7
25,Khris Middleton,17.1,4.9,3.8,0.459,0.393,0.881,50.4,0.7
26,Will Barton,11.6,4.3,2.7,0.433,0.353,0.787,25.8,-0.2
27,Mike Scott,6.7,3.1,0.9,0.453,0.362,0.757,16.8,-1.7
28,Justin Hamilton,6.1,3.6,0.8,0.464,0.309,0.798,3.7,-0.9
29,Darius Miller,5.9,1.6,1.4,0.419,0.383,0.84,6.5,-2.3
30,Kyle O'Quinn,5.4,4.6,1.4,0.517,0.218,0.74,17.8,0.9
31,Victor Oladipo,17.4,4.6,3.9,0.437,0.346,0.79,24.6,0.8
32,Otto Porter Jr.,10.6,5.0,1.5,0.478,0.398,0.794,35.7,1.8
33,Cody Zeller,8.5,6.0,1.4,0.52,0.221,0.731,32.1,-0.6
34,Alex Len,7.7,5.9,0.9,0.507,0.329,0.683,21.6,-1.9
35,Nerlens Noel,7.3,6.2,1.1,0.549,0.154,0.655,28.2,0.9
36,Ben McLemore,8.9,2.3,1.0,0.413,0.362,0.779,8.7,-3.1
37,Kentavious Caldwell-Pope,11.5,3.1,1.7,0.418,0.358,0.812,34.1,-0.8
38,Trey Burke,9.7,1.8,3.1,0.411,0.345,0.81,13.0,-1.3
39,CJ McCollum,19.2,3.5,3.5,0.455,0.396,0.816,40.1,1.3
40,Michael Carter-Williams,10.3,4.4,4.4,0.402,0.255,0.706,6.6,-1.2
41,Steven Adams,9.3,8.0,1.5,0.587,0.071,0.548,55.6,0.5
42,Kelly Olynyk,10.1,5.1,2.0,0.475,0.366,0.781,34.9,0.9
43,Shabazz Muhammad,9.0,2.8,0.5,0.473,0.319,0.751,8.5,-2.0
44,Giannis Antetokounmpo,21.7,9.4,4.6,0.534,0.289,0.718,86.6,6.0
45,Dennis Schröder,14.2,2.9,4.7,0.436,0.338,0.833,23.5,-1.2
46,Shane Larkin,5.5,1.9,2.9,0.422,0.336,0.777,4.4,-2.4
47,Tony Snell,6.1,2.3,1.1,0.431,0.394,0.845,18.4,-2.0
48,Gorgui Dieng,7.5,5.8,1.3,0.5,0.369,0.791,30.7,0.4
49,Mason Plumlee,8.3,6.6,2.4,0.583,0.049,0.557,43.9,1.3
50,Solomon Hill,5.5,3.1,1.5,0.388,0.331,0.797,11.9,-2.1
51,Tim Hardaway Jr.,13.9,2.8,1.9,0.422,0.358,0.812,25.9,-0.8
52,Reggie Bullock,7.7,2.5,1.2,0.426,0.383,0.84,17.4,-0.8
53,Rudy Gobert,12.4,11.6,1.3,0.652,0.0,0.638,85.4,4.0
54,Archie Goodwin,6.3,2.0,1.2,0.429,0.236,0.7,1.1,-3.0
55,Allen Crabbe,9.1,2.8,1.1,0.425,0.387,0.831,13.7,-1.6
56,Álex Abrines,5.3,1.4,0.5,0.387,0.368,0.88,5.0,-1.9
57,Isaiah Canaan,8.1,1.9,1.9,0.371,0.351,0.836,4.3,-2.4
58,Ray McCallum,6.0,2.0,2.4,0.408,0.335,0.711,2.1,-2.6
59,Nate Wolters,5.5,2.2,2.5,0.423,0.261,0.635,0.9,-2.6
60,Mike Muscala,6.2,3.2,0.9,0.458,0.377,0.847,16.7,0.2
61,Raul Neto,6.0,1.6,2.2,0.453,0.366,0.803,10.0,-1.6
62,Ryan Kelly,6.0,3.1,1.3,0.378,0.316,0.797,3.0,-2.6
63,James Ennis III,6.7,3.3,0.9,0.457,0.36,0.797,16.2,-1.5
64,Joffrey Lauvergne,5.6,3.8,0.9,0.479,0.285,0.719,5.2,-2.1
65,Andrew Wiggins,19.3,4.4,2.3,0.448,0.349,0.724,23.7,-1.5
66,Jabari Parker,14.1,5.5,2.0,0.494,0.326,0.743,13.8,-0.8
67,Joel Embiid,25.8,11.3,3.3,0.487,0.335,0.811,42.2,5.9
68,Aaron Gordon,13.0,6.3,2.5,0.458,0.32,0.702,28.1,-0.2
69,Dante Exum,5.7,1.8,2.1,0.407,0.305,0.764,3.1,-3.3
70,Marcus Smart,10.4,3.6,4.4,0.382,0.321,0.78,29.3,-0.1
71,Julius Randle,17.8,9.3,3.5,0.473,0.332,0.744,31.4,0.4
72,Nik Stauskas,6.7,2.0,1.5,0.389,0.354,0.812,3.9,-3.0
73,Elfrid Payton,10.1,4.0,5.8,0.447,0.288,0.624,15.9,-0.9
74,Doug McDermott,9.2,2.3,0.9,0.476,0.409,0.82,19.3,-1.9
75,Dario Šarić,11.7,5.9,2.0,0.441,0.357,0.838,16.4,-0.8
76,Zach LaVine,19.8,3.9,3.9,0.461,0.387,0.829,23.4,0.5
77,T.J. Warren,15.5,4.1,1.2,0.507,0.357,0.78,19.6,-0.2
78,Jusuf Nurkić,12.2,8.5,2.2,0.5,0.232,0.672,23.5,0.5
79,Gary Harris,11.8,2.5,2.1,0.448,0.363,0.812,20.8,-1.4
80,Rodney Hood,10.5,2.6,1.7,0.419,0.365,0.84,17.3,-1.2
81,Shabazz Napier,7.1,1.9,2.5,0.397,0.345,0.815,8.1,-0.7
82,Clint Capela,12.4,10.6,1.0,0.623,0.0,0.527,51.6,2.0
83,P.J. Hairston,6.0,2.4,0.5,0.343,0.295,0.81,0.9,-3.9
84,Bogdan Bogdanović,14.1,3.4,3.4,0.439,0.381,0.824,15.4,0.3
85,Kyle Anderson,6.6,4.4,2.3,0.475,0.334,0.71,26.6,1.7
86,K.J. McDaniels,5.3,2.2,0.6,0.412,0.29,0.776,1.3,-2.8
87,Joe Harris,11.1,3.2,1.6,0.483,0.439,0.78,20.5,-0.5
88,Spencer Dinwiddie,13.1,3.0,5.0,0.41,0.321,0.793,22.1,0.4
89,Jerami Grant,11.4,3.9,1.3,0.452,0.349,0.723,28.2,-0.4
90,Glenn Robinson III,5.9,2.6,0.8,0.457,0.373,0.779,7.9,-1.7
91,Nikola Jokić,19.5,10.3,6.2,0.54,0.347,0.831,78.4,8.8
92,Markel Brown,5.2,2.1,1.2,0.38,0.295,0.781,1.1,-2.9
93,Dwight Powell,7.6,4.6,1.0,0.581,0.297,0.75,36.9,1.3
94,Jordan Clarkson,15.4,3.3,2.5,0.44,0.338,0.828,21.1,-0.5
95,Jordan McRae,6.9,1.8,1.4,0.417,0.355,0.772,1.7,-2.1
96,Karl-Anthony Towns,23.2,11.4,3.1,0.527,0.397,0.834,65.8,4.9
97,D'Angelo Russell,17.7,3.6,5.6,0.42,0.357,0.78,14.4,0.6
98,Jahlil Okafor,10.4,4.7,0.9,0.542,0.222,0.676,7.2,-2.0
99,Kristaps Porziņģis,18.8,7.8,1.6,0.443,0.352,0.819,26.3,1.6
100,Mario Hezonja,6.9,3.1,1.3,0.417,0.319,0.812,3.2,-2.8
101,Willie Cauley-Stein,8.7,5.9,1.4,0.544,0.188,0.612,23.3,-0.1
102,Emmanuel Mudiay,10.9,2.9,3.8,0.401,0.323,0.744,-0.2,-3.2
103,Stanley Johnson,6.2,3.1,1.5,0.383,0.302,0.757,6.1,-2.7
104,Frank Kaminsky,9.4,4.1,1.6,0.429,0.348,0.743,15.2,-0.3
105,Justise Winslow,8.4,5.1,2.5,0.413,0.315,0.634,7.8,-2.1
106,Myles Turner,12.7,6.7,1.2,0.489,0.349,0.768,33.0,0.6
107,Trey Lyles,7.7,4.3,1.1,0.441,0.338,0.733,14.2,-1.0
108,Devin Booker,23.4,3.9,4.7,0.456,0.356,0.87,29.4,0.5
109,Cameron Payne,7.6,2.2,3.2,0.422,0.364,0.83,8.1,-0.4
110,Kelly Oubre Jr.,12.1,4.3,1.0,0.433,0.331,0.751,17.1,-1.8
111,Terry Rozier,12.6,3.9,3.1,0.417,0.378,0.82,23.5,0.6
112,Sam Dekker,5.4,3.0,0.8,0.478,0.288,0.606,5.4,-1.4
113,Jerian Grant,6.1,1.9,2.9,0.411,0.323,0.77,8.3,-1.6
114,Delon Wright,7.2,3.2,3.0,0.453,0.355,0.798,22.3,2.1
115,Justin Anderson,5.3,2.6,0.7,0.412,0.297,0.774,4.9,-1.4
116,Bobby Portis,11.1,6.6,1.2,0.469,0.385,0.752,20.7,-0.6
117,Rondae Hollis-Jefferson,9.0,5.5,1.9,0.449,0.212,0.735,12.9,-0.7
118,Tyus Jones,6.1,1.7,3.7,0.435,0.349,0.82,19.0,0.4
119,Jarell Martin,5.4,3.5,0.6,0.434,0.346,0.766,3.2,-4.3
120,Larry Nance Jr.,8.1,6.6,1.9,0.528,0.331,0.685,24.2,1.1
121,Cedi Osman,10.0,3.2,2.1,0.421,0.348,0.718,6.9,-2.5
122,Montrezl Harrell,12.9,5.3,1.4,0.619,0.117,0.661,40.3,2.9
123,Willy Hernangómez,7.3,5.8,1.1,0.537,0.312,0.697,14.3,0.2
124,Richaun Holmes,9.6,5.8,1.1,0.605,0.256,0.746,26.6,0.4
125,Josh Richardson,12.0,3.1,2.7,0.427,0.364,0.838,23.4,-0.5
126,Pat Connaughton,5.9,3.3,1.2,0.447,0.367,0.794,18.0,0.0
127,Andrew Harrison,7.0,2.0,2.8,0.373,0.294,0.779,3.2,-2.8
128,Norman Powell,11.3,2.6,1.5,0.462,0.382,0.831,19.3,-0.2
129,Ben Simmons,15.9,8.1,7.7,0.56,0.147,0.597,30.4,3.7
130,Brandon Ingram,18.5,5.1,3.8,0.461,0.362,0.766,18.3,-0.3
131,Jaylen Brown,16.3,4.9,2.0,0.471,0.371,0.711,23.4,0.0
132,Dragan Bender,5.4,3.9,1.3,0.399,0.323,0.654,0.5,-3.9
133,Kris Dunn,8.2,3.3,4.1,0.421,0.303,0.738,3.9,-2.0
134,Buddy Hield,15.9,4.3,2.5,0.429,0.398,0.865,17.0,0.1
135,Jamal Murray,16.3,3.6,3.8,0.446,0.367,0.878,20.8,0.3
136,Marquese Chriss,7.7,4.8,1.0,0.456,0.29,0.665,6.3,-2.3
137,Jakob Poeltl,7.2,6.0,1.4,0.627,0.667,0.518,28.2,1.0
138,Domantas Sabonis,14.4,9.2,3.6,0.534,0.319,0.728,34.9,1.8
139,Taurean Prince,10.6,3.9,1.8,0.416,0.371,0.817,8.3,-1.7
140,Denzel Valentine,7.0,3.3,1.8,0.394,0.36,0.787,4.5,-1.9
141,Juancho Hernangómez,5.3,3.4,0.6,0.423,0.346,0.684,7.4,-2.0
142,Malik Beasley,10.4,2.5,1.2,0.431,0.386,0.812,10.3,-0.9
143,Caris LeVert,14.6,3.8,3.9,0.436,0.334,0.734,11.5,-0.5
144,DeAndre' Bembry,5.9,3.2,1.8,0.474,0.283,0.611,4.4,-2.3
145,Timothé Luwawu-Cabarrot,5.9,2.0,0.9,0.39,0.334,0.83,4.3,-4.1
146,Furkan Korkmaz,8.0,2.3,1.4,0.407,0.358,0.765,7.3,-1.6
147,Pascal Siakam,15.5,6.2,3.0,0.489,0.333,0.773,32.1,1.6
148,Skal Labissière,7.2,4.5,1.0,0.492,0.353,0.748,4.4,-2.3
149,Dejounte Murray,12.3,6.0,4.8,0.454,0.326,0.768,16.0,1.7
150,Damian Jones,5.2,3.3,0.8,0.659,0.278,0.696,8.2,-1.3
151,Ivica Zubac,8.3,6.5,1.1,0.595,0.1,0.756,25.1,0.6
152,Cheick Diallo,5.2,4.1,0.4,0.596,0.286,0.774,6.4,-1.4
153,Tyler Ulis,7.5,1.7,4.0,0.403,0.28,0.808,0.5,-3.6
154,Malcolm Brogdon,15.5,4.2,4.8,0.464,0.376,0.881,24.4,1.1
155,Isaiah Whitehead,7.2,2.4,2.4,0.411,0.305,0.788,-0.9,-5.0
156,Georges Niang,6.1,2.0,0.8,0.436,0.403,0.87,8.0,-1.0
157,Tyrone Wallace,5.1,2.1,1.1,0.422,0.207,0.656,0.1,-5.2
158,Markelle Fultz,10.7,3.3,4.6,0.447,0.269,0.702,3.2,-2.1
159,Lonzo Ball,11.9,5.7,6.2,0.4,0.364,0.578,11.5,1.1
160,Jayson Tatum,20.8,6.6,3.0,0.455,0.384,0.845,34.2,2.7
161,Josh Jackson,11.3,4.0,1.9,0.416,0.292,0.68,-1.7,-3.8
162,De'Aaron Fox,19.1,3.5,6.2,0.462,0.32,0.725,15.9,0.1
163,Jonathan Isaac,9.3,5.4,1.1,0.435,0.33,0.797,6.7,0.2
164,Lauri Markkanen,15.4,6.8,1.3,0.44,0.363,0.846,16.0,0.0
165,Frank Ntilikina,5.2,1.9,2.4,0.37,0.33,0.775,0.5,-4.1
166,Dennis Smith Jr.,10.7,2.9,4.2,0.402,0.312,0.652,-0.5,-2.3
167,Zach Collins,5.8,4.1,1.0,0.444,0.327,0.739,4.4,-2.6
168,Malik Monk,10.0,2.3,2.0,0.42,0.353,0.828,5.2,-2.0
169,Luke Kennard,9.9,2.8,2.0,0.448,0.424,0.867,13.5,-0.4
170,Donovan Mitchell,23.9,4.1,4.5,0.441,0.362,0.833,28.6,2.5
171,Bam Adebayo,13.4,8.3,3.5,0.557,0.14,0.741,34.4,2.9
172,Justin Jackson,6.5,2.5,1.1,0.426,0.321,0.799,5.3,-2.8
173,John Collins,16.5,8.3,1.6,0.559,0.376,0.779,28.1,1.4
174,Harry Giles,5.9,3.8,1.2,0.511,0.258,0.671,3.0,-2.4
175,Jarrett Allen,11.6,8.7,1.4,0.626,0.189,0.699,35.1,1.7
176,OG Anunoby,10.4,4.1,1.4,0.469,0.371,0.706,17.1,0.1
177,Anžejs Pasečņiks,5.6,3.9,0.7,0.521,0.0,0.586,0.4,-6.2
178,Kyle Kuzma,15.6,6.2,2.2,0.449,0.339,0.723,14.4,-1.0
179,Derrick White,11.5,3.3,3.8,0.441,0.335,0.838,14.5,1.1
180,Josh Hart,9.9,5.7,2.1,0.45,0.347,0.739,15.9,-0.3
181,Frank Jackson,8.4,1.8,1.0,0.423,0.337,0.776,2.3,-3.9
182,Frank Mason III,6.7,2.0,2.6,0.396,0.301,0.755,1.2,-2.6
183,Ivan Rabb,5.7,4.3,1.0,0.555,0.2,0.743,3.2,-1.7
184,Dwayne Bacon,7.3,2.6,1.1,0.402,0.314,0.78,0.8,-5.1
185,Tyler Dorsey,6.7,2.3,1.3,0.389,0.35,0.669,1.0,-3.1
186,Thomas Bryant,10.4,5.8,1.3,0.591,0.35,0.764,11.6,1.5
187,Isaiah Hartenstein,5.6,3.8,1.4,0.602,0.303,0.665,7.6,1.5
188,Damyean Dotson,7.5,2.5,1.5,0.417,0.345,0.711,3.0,-2.8
189,Dillon Brooks,14.4,3.0,2.0,0.42,0.348,0.801,5.1,-3.8
190,Sterling Brown,5.4,3.3,1.0,0.42,0.364,0.796,6.5,-2.1
191,Monte Morris,10.5,2.3,3.7,0.481,0.394,0.825,18.1,0.4
192,Edmond Sumner,5.7,1.5,1.1,0.474,0.333,0.728,1.9,-3.2
193,Kadeem Allen,5.5,1.5,2.3,0.435,0.349,0.757,1.0,-1.2
194,Deandre Ayton,16.3,10.5,1.6,0.601,0.241,0.755,24.3,1.2
195,Marvin Bagley III,13.6,7.4,0.9,0.498,0.288,0.664,7.1,-2.2
196,Luka Dončić,26.2,8.5,7.9,0.456,0.335,0.735,27.4,6.7
197,Jaren Jackson Jr.,15.8,5.1,1.2,0.455,0.353,0.788,12.7,0.0
198,Trae Young,25.1,3.9,9.0,0.439,0.355,0.871,24.8,2.9
199,Mo Bamba,7.6,6.0,0.9,0.473,0.344,0.686,9.7,-0.1
200,Wendell Carter Jr.,12.2,8.9,2.0,0.513,0.301,0.736,13.7,-0.7
201,Collin Sexton,20.0,3.0,3.3,0.458,0.378,0.827,5.4,-2.5
202,Kevin Knox,7.8,3.0,0.8,0.367,0.34,0.704,-0.5,-4.7
203,Mikal Bridges,11.2,3.9,2.1,0.508,0.376,0.83,24.2,1.1
204,Shai Gilgeous-Alexander,18.2,4.5,4.3,0.473,0.348,0.807,17.8,1.9
205,Miles Bridges,13.1,5.6,2.2,0.471,0.344,0.811,15.4,-0.2
206,Michael Porter Jr.,14.1,6.1,1.1,0.518,0.419,0.795,9.6,2.1
207,Troy Brown Jr.,6.4,3.8,1.6,0.429,0.335,0.754,4.8,-2.1
208,Donte DiVincenzo,8.9,4.6,2.5,0.417,0.344,0.76,9.0,-0.1
209,Lonnie Walker IV,9.3,2.3,1.6,0.414,0.345,0.776,1.8,-3.3
210,Kevin Huerter,11.3,3.5,3.2,0.428,0.375,0.783,8.6,-1.5
211,Josh Okogie,6.4,3.0,1.1,0.401,0.274,0.757,5.1,-2.9
212,Grayson Allen,9.4,2.5,1.5,0.431,0.393,0.84,7.9,-0.8
213,Chandler Hutchison,5.4,3.7,0.8,0.442,0.309,0.643,1.1,-3.9
214,Aaron Holiday,7.4,1.8,2.4,0.416,0.375,0.838,4.8,-2.2
215,Anfernee Simons,10.2,2.2,2.0,0.425,0.392,0.833,4.2,-2.2
216,Moritz Wagner,7.4,3.3,1.1,0.486,0.322,0.814,5.6,-1.4
217,Landry Shamet,8.9,1.8,1.6,0.41,0.393,0.837,10.4,-1.8
218,Robert Williams,7.2,6.6,1.4,0.727,0.0,0.664,18.2,5.2
219,Omari Spellman,6.8,4.3,1.0,0.417,0.366,0.766,2.4,-1.5
220,Jalen Brunson,11.7,3.0,3.7,0.494,0.373,0.795,16.3,0.0
221,Devonte' Graham,13.0,2.5,5.1,0.372,0.359,0.826,10.0,-0.3
222,Gary Trent Jr.,13.2,2.2,1.4,0.413,0.386,0.809,8.7,-1.0
223,Rodions Kurucs,6.0,3.1,0.9,0.444,0.329,0.739,2.3,-2.8
224,Jarred Vanderbilt,5.4,6.2,1.1,0.592,0.15,0.615,9.0,0.1
225,Bruce Brown,7.4,4.2,2.1,0.479,0.309,0.743,11.9,-1.1
226,Hamidou Diallo,8.4,3.9,1.1,0.475,0.277,0.634,5.0,-2.3
227,De'Anthony Melton,8.2,3.5,2.8,0.408,0.357,0.758,7.2,0.4
228,Svi Mykhailiuk,6.6,1.8,1.4,0.398,0.353,0.785,2.6,-2.7
229,Keita Bates-Diop,5.1,2.9,0.6,0.454,0.312,0.708,3.3,-2.3
230,Chimezie Metu,5.9,3.4,0.8,0.459,0.303,0.766,1.9,-2.3
231,Shake Milton,9.8,2.3,2.5,0.444,0.356,0.821,6.2,-1.9
232,Zion Williamson,25.7,7.0,3.2,0.604,0.333,0.683,10.6,4.9
233,Ja Morant,21.2,4.5,7.1,0.474,0.325,0.755,13.8,1.9
234,RJ Barrett,17.4,5.6,2.8,0.419,0.36,0.695,5.7,-2.1
235,De'Andre Hunter,13.2,4.1,1.6,0.436,0.357,0.782,2.9,-3.3
236,Darius Garland,17.1,2.6,6.2,0.442,0.37,0.881,5.4,-1.5
237,Jarrett Culver,6.7,2.7,1.3,0.405,0.284,0.495,0.0,-4.3
238,Coby White,13.8,3.6,3.5,0.415,0.367,0.85,5.9,-2.3
239,Jaxson Hayes,8.0,4.3,0.7,0.642,0.367,0.721,11.8,0.1
240,Rui Hachimura,12.9,5.2,1.5,0.476,0.351,0.791,5.0,-2.9
241,Cam Reddish,10.5,3.2,1.3,0.387,0.325,0.841,1.0,-3.1
242,Cameron Johnson,10.4,3.6,1.4,0.445,0.397,0.849,11.0,1.4
243,P.J. Washington,11.8,5.7,2.3,0.448,0.374,0.701,7.4,-0.9
244,Tyler Herro,16.6,4.6,3.2,0.438,0.38,0.853,6.6,-0.7
245,Sekou Doumbouya,5.6,2.8,0.7,0.388,0.256,0.693,-0.4,-6.5
246,Chuma Okeke,8.2,4.5,1.9,0.393,0.325,0.812,3.4,-0.6
247,Nickeil Alexander-Walker,9.4,2.7,2.2,0.387,0.328,0.725,0.5,-2.7
248,Brandon Clarke,10.9,5.7,1.4,0.591,0.292,0.701,15.0,2.9
249,Grant Williams,5.3,3.0,1.0,0.451,0.372,0.765,7.5,-1.8
250,Darius Bazley,10.0,5.8,1.3,0.406,0.305,0.695,2.0,-2.7
251,Ty Jerome,7.1,1.9,2.4,0.398,0.344,0.784,1.9,-1.9
252,Nassir Little,5.8,3.4,0.7,0.455,0.317,0.727,3.5,-2.2
253,Jordan Poole,13.2,2.4,2.8,0.417,0.34,0.878,5.9,-1.7
254,Keldon Johnson,14.0,5.7,1.7,0.479,0.388,0.75,8.5,-1.0
255,Kevin Porter Jr.,12.9,3.7,4.6,0.418,0.347,0.67,0.2,-3.3
256,Nic Claxton,7.2,4.9,0.9,0.636,0.167,0.54,5.3,0.4
257,Cody Martin,5.7,3.5,2.1,0.451,0.32,0.656,5.4,-1.4
258,Eric Paschall,10.0,3.3,1.4,0.494,0.324,0.758,4.9,-2.2
259,Jaylen Nowell,8.0,2.0,1.8,0.445,0.335,0.813,3.5,-1.1
260,Isaiah Roby,8.4,5.0,1.5,0.49,0.339,0.744,3.4,-2.3
261,Talen Horton-Tucker,9.0,2.8,2.7,0.436,0.276,0.771,2.8,-2.5
262,Terance Mann,7.5,3.9,1.9,0.488,0.378,0.788,9.5,-0.6
263,Jalen McDaniels,6.5,3.5,1.0,0.47,0.342,0.709,2.8,-3.3
264,Anthony Edwards,20.1,4.7,3.3,0.424,0.341,0.777,4.5,-0.6
265,James Wiseman,11.5,5.8,0.7,0.519,0.316,0.628,0.7,-5.0
266,LaMelo Ball,18.1,6.4,6.8,0.429,0.369,0.822,8.0,2.7
267,Patrick Williams,8.8,4.4,1.3,0.483,0.391,0.716,2.6,-2.5
268,Isaac Okoro,9.4,3.1,1.9,0.442,0.317,0.756,4.7,-3.6
269,Onyeka Okongwu,6.3,4.3,0.7,0.674,0.0,0.691,5.3,-0.3
270,Killian Hayes,6.4,3.0,4.6,0.362,0.273,0.776,-1.0,-4.9
271,Obi Toppin,5.8,2.9,0.7,0.513,0.275,0.744,4.2,0.1
272,Deni Avdija,7.2,5.0,1.5,0.422,0.312,0.738,3.5,-2.3
273,Jalen Smith,6.3,4.3,0.4,0.501,0.322,0.752,2.7,-0.9
274,Devin Vassell,8.7,3.5,1.4,0.42,0.351,0.827,4.2,-1.0
275,Tyrese Haliburton,14.0,3.5,6.8,0.466,0.408,0.842,9.4,1.9
276,Kira Lewis Jr.,6.2,1.4,2.2,0.391,0.298,0.841,0.7,-3.6
277,Cole Anthony,15.1,5.2,5.1,0.394,0.34,0.844,1.8,-1.9
278,Isaiah Stewart,8.1,7.6,0.9,0.534,0.275,0.701,6.8,-2.4
279,Aleksej Pokusevski,7.7,4.9,1.9,0.374,0.275,0.719,-1.5,-4.4
280,Saddiq Bey,14.3,5.1,2.1,0.399,0.362,0.827,7.1,-0.4
281,Precious Achiuwa,7.0,5.2,0.8,0.471,0.358,0.556,3.6,-3.1
282,Tyrese Maxey,12.9,2.6,3.2,0.477,0.386,0.863,8.5,0.1
283,R.J. Hampton,7.1,3.2,2.1,0.407,0.339,0.641,0.3,-3.7
284,Immanuel Quickley,11.0,2.5,2.6,0.392,0.366,0.898,6.6,0.3
285,Payton Pritchard,6.8,2.1,1.8,0.434,0.411,0.919,4.9,0.0
286,Jaden McDaniels,8.1,4.0,1.1,0.454,0.336,0.722,4.0,-3.1
287,Malachi Flynn,6.0,2.0,2.3,0.384,0.325,0.747,1.8,-2.1
288,Desmond Bane,13.8,3.8,2.3,0.463,0.427,0.878,9.6,1.1
289,Théo Maledon,8.4,2.8,2.8,0.365,0.318,0.763,-0.7,-4.9
290,Xavier Tillman Sr.,5.7,3.7,1.1,0.527,0.298,0.645,4.4,0.3
291,Saben Lee,5.4,2.1,3.1,0.436,0.28,0.725,2.2,-1.3
292,Jordan Nwora,6.9,3.0,0.7,0.417,0.369,0.784,1.0,-3.3
293,Kenyon Martin Jr.,9.1,4.4,1.2,0.528,0.365,0.663,5.0,-1.3
294,Cade Cunningham,17.1,5.8,5.5,0.413,0.319,0.84,-0.4,-1.6
295,Jalen Green,15.9,3.3,2.6,0.417,0.332,0.799,0.1,-3.4
296,Evan Mobley,15.0,8.3,2.6,0.504,0.253,0.669,5.1,0.5
297,Scottie Barnes,15.4,7.6,3.5,0.49,0.304,0.727,5.8,0.9
298,Jalen Suggs,12.1,3.7,4.4,0.361,0.216,0.773,-1.5,-5.5
299,Josh Giddey,12.5,7.8,6.4,0.419,0.263,0.709,0.5,-0.9
300,Jonathan Kuminga,9.3,3.3,0.8,0.513,0.316,0.673,2.5,-2.2
301,Franz Wagner,15.4,4.6,2.9,0.466,0.352,0.86,3.9,-0.8
302,Davion Mitchell,10.9,2.2,3.5,0.415,0.321,0.613,0.2,-3.7
303,Ziaire Williams,7.5,2.0,1.0,0.455,0.309,0.743,1.8,-3.4
304,James Bouknight,5.0,1.7,0.8,0.353,0.347,0.871,0.1,-6.7
305,Joshua Primo,5.4,2.3,1.4,0.381,0.304,0.75,0.2,-4.6
306,Chris Duarte,13.1,4.1,2.1,0.432,0.369,0.804,1.1,-2.2
307,Corey Kispert,7.6,2.6,1.0,0.445,0.341,0.849,1.8,-2.6
308,Alperen Şengün,9.3,5.3,2.4,0.476,0.257,0.691,1.9,-0.9
309,Tre Mann,10.4,2.9,1.5,0.393,0.36,0.793,0.2,-4.4
310,Keon Johnson,5.6,2.0,1.3,0.331,0.327,0.8,-0.4,-6.6
311,Isaiah Jackson,7.5,4.1,0.3,0.552,0.308,0.653,1.1,-1.4
312,Josh Christopher,7.4,2.3,1.9,0.443,0.301,0.77,0.1,-3.7
313,Quentin Grimes,6.1,2.0,0.9,0.409,0.389,0.684,1.4,-0.2
314,Bones Hyland,9.8,2.7,2.5,0.4,0.379,0.841,1.9,-0.7
315,Cam Thomas,8.8,2.4,1.2,0.434,0.266,0.84,0.8,-3.2
316,Day'Ron Sharpe,6.2,5.0,0.5,0.577,0.286,0.585,1.2,-2.7
317,Jeremiah Robinson-Earl,7.1,5.8,1.0,0.401,0.333,0.714,1.2,-2.6
318,Herbert Jones,9.5,3.9,2.2,0.483,0.342,0.849,4.2,-0.7
319,Ayo Dosunmu,8.5,2.8,3.3,0.518,0.38,0.676,2.9,-1.9
320,Kessler Edwards,5.9,3.7,0.7,0.406,0.36,0.8,0.4,-4.2
321,Brandon Boston Jr.,6.5,2.1,0.9,0.377,0.312,0.838,0.3,-3.5
322,Luka Garza,5.4,2.9,0.5,0.45,0.333,0.655,0.7,-2.8
323,Aaron Wiggins,7.6,3.5,1.2,0.455,0.311,0.742,1.2,-4.0
